exp_id,exp_id_str,case_name,geom_id,geom_mode,Sh_clean,geometry_src,morph,r_obs,l_gap,coat_thick,r_mid,Sw,thetaA_hydrate_deg,water_seed,thetaA_quartz_deg,GBw_quartz,GBw_hydrate,Gx,Gy,drive_mode,init_eq
1,EXP0001,geom0001_pf_Sh0.10_Sw0.00,1,pf,0.103502,/home/server/projects/lbm_twoflow/complex_8.23/lbm_mrt/data/geometry/case0001_pf/geometry_case0001.plt,0,20,20,0,0,0.0,60,1234567,30,0.0,0.0,8e-05,0.0,1,1
2,EXP0002,geom0001_pf_Sh0.10_Sw0.10,1,pf,0.103502,/home/server/projects/lbm_twoflow/complex_8.23/lbm_mrt/data/geometry/case0001_pf/geometry_case0001.plt,0,20,20,0,0,0.1,60,1234567,30,0.0,0.0,8e-05,0.0,1,1
3,EXP0003,geom0001_pf_Sh0.10_Sw0.20,1,pf,0.103502,/home/server/projects/lbm_twoflow/complex_8.23/lbm_mrt/data/geometry/case0001_pf/geometry_case0001.plt,0,20,20,0,0,0.2,60,1234567,30,0.0,0.0,8e-05,0.0,1,1
4,EXP0004,geom0001_pf_Sh0.10_Sw0.30,1,pf,0.103502,/home/server/projects/lbm_twoflow/complex_8.23/lbm_mrt/data/geometry/case0001_pf/geometry_case0001.plt,0,20,20,0,0,0.3,60,1234567,30,0.0,0.0,8e-05,0.0,1,1
5,EXP0005,geom0001_pf_Sh0.10_Sw0.40,1,pf,0.103502,/home/server/projects/lbm_twoflow/complex_8.23/lbm_mrt/data/geometry/case0001_pf/geometry_case0001.plt,0,20,20,0,0,0.4,60,1234567,30,0.0,0.0,8e-05,0.0,1,1
6,EXP0006,geom0001_pf_Sh0.10_Sw0.50,1,pf,0.103502,/home/server/projects/lbm_twoflow/complex_8.23/lbm_mrt/data/geometry/case0001_pf/geometry_case0001.plt,0,20,20,0,0,0.5,60,1234567,30,0.0,0.0,8e-05,0.0,1,1
7,EXP0007,geom0001_pf_Sh0.10_Sw0.60,1,pf,0.103502,/home/server/projects/lbm_twoflow/complex_8.23/lbm_mrt/data/geometry/case0001_pf/geometry_case0001.plt,0,20,20,0,0,0.6,60,1234567,30,0.0,0.0,8e-05,0.0,1,1
8,EXP0008,geom0001_pf_Sh0.10_Sw0.70,1,pf,0.103502,/home/server/projects/lbm_twoflow/complex_8.23/lbm_mrt/data/geometry/case0001_pf/geometry_case0001.plt,0,20,20,0,0,0.7,60,1234567,30,0.0,0.0,8e-05,0.0,1,1
9,EXP0009,geom0001_pf_Sh0.10_Sw0.80,1,pf,0.103502,/home/server/projects/lbm_twoflow/complex_8.23/lbm_mrt/data/geometry/case0001_pf/geometry_case0001.plt,0,20,20,0,0,0.8,60,1234567,30,0.0,0.0,8e-05,0.0,1,1
10,EXP0010,geom0001_pf_Sh0.10_Sw0.90,1,pf,0.103502,/home/server/projects/lbm_twoflow/complex_8.23/lbm_mrt/data/geometry/case0001_pf/geometry_case0001.plt,0,20,20,0,0,0.9,60,1234567,30,0.0,0.0,8e-05,0.0,1,1
11,EXP0011,geom0001_pf_Sh0.10_Sw1.00,1,pf,0.103502,/home/server/projects/lbm_twoflow/complex_8.23/lbm_mrt/data/geometry/case0001_pf/geometry_case0001.plt,0,20,20,0,0,1.0,60,1234567,30,0.0,0.0,8e-05,0.0,1,1
12,EXP0012,geom0002_pf_Sh0.15_Sw0.00,2,pf,0.153572,/home/server/projects/lbm_twoflow/complex_8.23/lbm_mrt/data/geometry/case0002_pf/geometry_case0002.plt,0,20,20,0,0,0.0,60,1234567,30,0.0,0.0,8e-05,0.0,1,1
13,EXP0013,geom0002_pf_Sh0.15_Sw0.10,2,pf,0.153572,/home/server/projects/lbm_twoflow/complex_8.23/lbm_mrt/data/geometry/case0002_pf/geometry_case0002.plt,0,20,20,0,0,0.1,60,1234567,30,0.0,0.0,8e-05,0.0,1,1
14,EXP0014,geom0002_pf_Sh0.15_Sw0.20,2,pf,0.153572,/home/server/projects/lbm_twoflow/complex_8.23/lbm_mrt/data/geometry/case0002_pf/geometry_case0002.plt,0,20,20,0,0,0.2,60,1234567,30,0.0,0.0,8e-05,0.0,1,1
15,EXP0015,geom0002_pf_Sh0.15_Sw0.30,2,pf,0.153572,/home/server/projects/lbm_twoflow/complex_8.23/lbm_mrt/data/geometry/case0002_pf/geometry_case0002.plt,0,20,20,0,0,0.3,60,1234567,30,0.0,0.0,8e-05,0.0,1,1
16,EXP0016,geom0002_pf_Sh0.15_Sw0.40,2,pf,0.153572,/home/server/projects/lbm_twoflow/complex_8.23/lbm_mrt/data/geometry/case0002_pf/geometry_case0002.plt,0,20,20,0,0,0.4,60,1234567,30,0.0,0.0,8e-05,0.0,1,1
17,EXP0017,geom0002_pf_Sh0.15_Sw0.50,2,pf,0.153572,/home/server/projects/lbm_twoflow/complex_8.23/lbm_mrt/data/geometry/case0002_pf/geometry_case0002.plt,0,20,20,0,0,0.5,60,1234567,30,0.0,0.0,8e-05,0.0,1,1
18,EXP0018,geom0002_pf_Sh0.15_Sw0.60,2,pf,0.153572,/home/server/projects/lbm_twoflow/complex_8.23/lbm_mrt/data/geometry/case0002_pf/geometry_case0002.plt,0,20,20,0,0,0.6,60,1234567,30,0.0,0.0,8e-05,0.0,1,1
19,EXP0019,geom0002_pf_Sh0.15_Sw0.70,2,pf,0.153572,/home/server/projects/lbm_twoflow/complex_8.23/lbm_mrt/data/geometry/case0002_pf/geometry_case0002.plt,0,20,20,0,0,0.7,60,1234567,30,0.0,0.0,8e-05,0.0,1,1
20,EXP0020,geom0002_pf_Sh0.15_Sw0.80,2,pf,0.153572,/home/server/projects/lbm_twoflow/complex_8.23/lbm_mrt/data/geometry/case0002_pf/geometry_case0002.plt,0,20,20,0,0,0.8,60,1234567,30,0.0,0.0,8e-05,0.0,1,1
21,EXP0021,geom0002_pf_Sh0.15_Sw0.90,2,pf,0.153572,/home/server/projects/lbm_twoflow/complex_8.23/lbm_mrt/data/geometry/case0002_pf/geometry_case0002.plt,0,20,20,0,0,0.9,60,1234567,30,0.0,0.0,8e-05,0.0,1,1
22,EXP0022,geom0002_pf_Sh0.15_Sw1.00,2,pf,0.153572,/home/server/projects/lbm_twoflow/complex_8.23/lbm_mrt/data/geometry/case0002_pf/geometry_case0002.plt,0,20,20,0,0,1.0,60,1234567,30,0.0,0.0,8e-05,0.0,1,1
23,EXP0023,geom0003_pf_Sh0.20_Sw0.00,3,pf,0.202498,/home/server/projects/lbm_twoflow/complex_8.23/lbm_mrt/data/geometry/case0003_pf/geometry_case0003.plt,0,20,20,0,0,0.0,60,1234567,30,0.0,0.0,8e-05,0.0,1,1
24,EXP0024,geom0003_pf_Sh0.20_Sw0.10,3,pf,0.202498,/home/server/projects/lbm_twoflow/complex_8.23/lbm_mrt/data/geometry/case0003_pf/geometry_case0003.plt,0,20,20,0,0,0.1,60,1234567,30,0.0,0.0,8e-05,0.0,1,1
25,EXP0025,geom0003_pf_Sh0.20_Sw0.20,3,pf,0.202498,/home/server/projects/lbm_twoflow/complex_8.23/lbm_mrt/data/geometry/case0003_pf/geometry_case0003.plt,0,20,20,0,0,0.2,60,1234567,30,0.0,0.0,8e-05,0.0,1,1
26,EXP0026,geom0003_pf_Sh0.20_Sw0.30,3,pf,0.202498,/home/server/projects/lbm_twoflow/complex_8.23/lbm_mrt/data/geometry/case0003_pf/geometry_case0003.plt,0,20,20,0,0,0.3,60,1234567,30,0.0,0.0,8e-05,0.0,1,1
27,EXP0027,geom0003_pf_Sh0.20_Sw0.40,3,pf,0.202498,/home/server/projects/lbm_twoflow/complex_8.23/lbm_mrt/data/geometry/case0003_pf/geometry_case0003.plt,0,20,20,0,0,0.4,60,1234567,30,0.0,0.0,8e-05,0.0,1,1
28,EXP0028,geom0003_pf_Sh0.20_Sw0.50,3,pf,0.202498,/home/server/projects/lbm_twoflow/complex_8.23/lbm_mrt/data/geometry/case0003_pf/geometry_case0003.plt,0,20,20,0,0,0.5,60,1234567,30,0.0,0.0,8e-05,0.0,1,1
29,EXP0029,geom0003_pf_Sh0.20_Sw0.60,3,pf,0.202498,/home/server/projects/lbm_twoflow/complex_8.23/lbm_mrt/data/geometry/case0003_pf/geometry_case0003.plt,0,20,20,0,0,0.6,60,1234567,30,0.0,0.0,8e-05,0.0,1,1
30,EXP0030,geom0003_pf_Sh0.20_Sw0.70,3,pf,0.202498,/home/server/projects/lbm_twoflow/complex_8.23/lbm_mrt/data/geometry/case0003_pf/geometry_case0003.plt,0,20,20,0,0,0.7,60,1234567,30,0.0,0.0,8e-05,0.0,1,1
31,EXP0031,geom0003_pf_Sh0.20_Sw0.80,3,pf,0.202498,/home/server/projects/lbm_twoflow/complex_8.23/lbm_mrt/data/geometry/case0003_pf/geometry_case0003.plt,0,20,20,0,0,0.8,60,1234567,30,0.0,0.0,8e-05,0.0,1,1
32,EXP0032,geom0003_pf_Sh0.20_Sw0.90,3,pf,0.202498,/home/server/projects/lbm_twoflow/complex_8.23/lbm_mrt/data/geometry/case0003_pf/geometry_case0003.plt,0,20,20,0,0,0.9,60,1234567,30,0.0,0.0,8e-05,0.0,1,1
33,EXP0033,geom0003_pf_Sh0.20_Sw1.00,3,pf,0.202498,/home/server/projects/lbm_twoflow/complex_8.23/lbm_mrt/data/geometry/case0003_pf/geometry_case0003.plt,0,20,20,0,0,1.0,60,1234567,30,0.0,0.0,8e-05,0.0,1,1
34,EXP0034,geom0004_gc_Sh0.10_Sw0.00,4,gc,0.100004,/home/server/projects/lbm_twoflow/complex_8.23/lbm_mrt/data/geometry/case0004_gc/geometry_case0004.plt,0,20,20,0,0,0.0,60,1234567,30,0.0,0.0,8e-05,0.0,1,1
35,EXP0035,geom0004_gc_Sh0.10_Sw0.10,4,gc,0.100004,/home/server/projects/lbm_twoflow/complex_8.23/lbm_mrt/data/geometry/case0004_gc/geometry_case0004.plt,0,20,20,0,0,0.1,60,1234567,30,0.0,0.0,8e-05,0.0,1,1
36,EXP0036,geom0004_gc_Sh0.10_Sw0.20,4,gc,0.100004,/home/server/projects/lbm_twoflow/complex_8.23/lbm_mrt/data/geometry/case0004_gc/geometry_case0004.plt,0,20,20,0,0,0.2,60,1234567,30,0.0,0.0,8e-05,0.0,1,1
37,EXP0037,geom0004_gc_Sh0.10_Sw0.30,4,gc,0.100004,/home/server/projects/lbm_twoflow/complex_8.23/lbm_mrt/data/geometry/case0004_gc/geometry_case0004.plt,0,20,20,0,0,0.3,60,1234567,30,0.0,0.0,8e-05,0.0,1,1
38,EXP0038,geom0004_gc_Sh0.10_Sw0.40,4,gc,0.100004,/home/server/projects/lbm_twoflow/complex_8.23/lbm_mrt/data/geometry/case0004_gc/geometry_case0004.plt,0,20,20,0,0,0.4,60,1234567,30,0.0,0.0,8e-05,0.0,1,1
39,EXP0039,geom0004_gc_Sh0.10_Sw0.50,4,gc,0.100004,/home/server/projects/lbm_twoflow/complex_8.23/lbm_mrt/data/geometry/case0004_gc/geometry_case0004.plt,0,20,20,0,0,0.5,60,1234567,30,0.0,0.0,8e-05,0.0,1,1
40,EXP0040,geom0004_gc_Sh0.10_Sw0.60,4,gc,0.100004,/home/server/projects/lbm_twoflow/complex_8.23/lbm_mrt/data/geometry/case0004_gc/geometry_case0004.plt,0,20,20,0,0,0.6,60,1234567,30,0.0,0.0,8e-05,0.0,1,1
41,EXP0041,geom0004_gc_Sh0.10_Sw0.70,4,gc,0.100004,/home/server/projects/lbm_twoflow/complex_8.23/lbm_mrt/data/geometry/case0004_gc/geometry_case0004.plt,0,20,20,0,0,0.7,60,1234567,30,0.0,0.0,8e-05,0.0,1,1
42,EXP0042,geom0004_gc_Sh0.10_Sw0.80,4,gc,0.100004,/home/server/projects/lbm_twoflow/complex_8.23/lbm_mrt/data/geometry/case0004_gc/geometry_case0004.plt,0,20,20,0,0,0.8,60,1234567,30,0.0,0.0,8e-05,0.0,1,1
43,EXP0043,geom0004_gc_Sh0.10_Sw0.90,4,gc,0.100004,/home/server/projects/lbm_twoflow/complex_8.23/lbm_mrt/data/geometry/case0004_gc/geometry_case0004.plt,0,20,20,0,0,0.9,60,1234567,30,0.0,0.0,8e-05,0.0,1,1
44,EXP0044,geom0004_gc_Sh0.10_Sw1.00,4,gc,0.100004,/home/server/projects/lbm_twoflow/complex_8.23/lbm_mrt/data/geometry/case0004_gc/geometry_case0004.plt,0,20,20,0,0,1.0,60,1234567,30,0.0,0.0,8e-05,0.0,1,1
45,EXP0045,geom0005_gc_Sh0.14_Sw0.00,5,gc,0.144065,/home/server/projects/lbm_twoflow/complex_8.23/lbm_mrt/data/geometry/case0005_gc/geometry_case0005.plt,0,20,20,0,0,0.0,60,1234567,30,0.0,0.0,8e-05,0.0,1,1
46,EXP0046,geom0005_gc_Sh0.14_Sw0.10,5,gc,0.144065,/home/server/projects/lbm_twoflow/complex_8.23/lbm_mrt/data/geometry/case0005_gc/geometry_case0005.plt,0,20,20,0,0,0.1,60,1234567,30,0.0,0.0,8e-05,0.0,1,1
47,EXP0047,geom0005_gc_Sh0.14_Sw0.20,5,gc,0.144065,/home/server/projects/lbm_twoflow/complex_8.23/lbm_mrt/data/geometry/case0005_gc/geometry_case0005.plt,0,20,20,0,0,0.2,60,1234567,30,0.0,0.0,8e-05,0.0,1,1
48,EXP0048,geom0005_gc_Sh0.14_Sw0.30,5,gc,0.144065,/home/server/projects/lbm_twoflow/complex_8.23/lbm_mrt/data/geometry/case0005_gc/geometry_case0005.plt,0,20,20,0,0,0.3,60,1234567,30,0.0,0.0,8e-05,0.0,1,1
49,EXP0049,geom0005_gc_Sh0.14_Sw0.40,5,gc,0.144065,/home/server/projects/lbm_twoflow/complex_8.23/lbm_mrt/data/geometry/case0005_gc/geometry_case0005.plt,0,20,20,0,0,0.4,60,1234567,30,0.0,0.0,8e-05,0.0,1,1
50,EXP0050,geom0005_gc_Sh0.14_Sw0.50,5,gc,0.144065,/home/server/projects/lbm_twoflow/complex_8.23/lbm_mrt/data/geometry/case0005_gc/geometry_case0005.plt,0,20,20,0,0,0.5,60,1234567,30,0.0,0.0,8e-05,0.0,1,1
51,EXP0051,geom0005_gc_Sh0.14_Sw0.60,5,gc,0.144065,/home/server/projects/lbm_twoflow/complex_8.23/lbm_mrt/data/geometry/case0005_gc/geometry_case0005.plt,0,20,20,0,0,0.6,60,1234567,30,0.0,0.0,8e-05,0.0,1,1
52,EXP0052,geom0005_gc_Sh0.14_Sw0.70,5,gc,0.144065,/home/server/projects/lbm_twoflow/complex_8.23/lbm_mrt/data/geometry/case0005_gc/geometry_case0005.plt,0,20,20,0,0,0.7,60,1234567,30,0.0,0.0,8e-05,0.0,1,1
53,EXP0053,geom0005_gc_Sh0.14_Sw0.80,5,gc,0.144065,/home/server/projects/lbm_twoflow/complex_8.23/lbm_mrt/data/geometry/case0005_gc/geometry_case0005.plt,0,20,20,0,0,0.8,60,1234567,30,0.0,0.0,8e-05,0.0,1,1
54,EXP0054,geom0005_gc_Sh0.14_Sw0.90,5,gc,0.144065,/home/server/projects/lbm_twoflow/complex_8.23/lbm_mrt/data/geometry/case0005_gc/geometry_case0005.plt,0,20,20,0,0,0.9,60,1234567,30,0.0,0.0,8e-05,0.0,1,1
55,EXP0055,geom0005_gc_Sh0.14_Sw1.00,5,gc,0.144065,/home/server/projects/lbm_twoflow/complex_8.23/lbm_mrt/data/geometry/case0005_gc/geometry_case0005.plt,0,20,20,0,0,1.0,60,1234567,30,0.0,0.0,8e-05,0.0,1,1
56,EXP0056,geom0006_gc_Sh0.19_Sw0.00,6,gc,0.193484,/home/server/projects/lbm_twoflow/complex_8.23/lbm_mrt/data/geometry/case0006_gc/geometry_case0006.plt,0,20,20,0,0,0.0,60,1234567,30,0.0,0.0,8e-05,0.0,1,1
57,EXP0057,geom0006_gc_Sh0.19_Sw0.10,6,gc,0.193484,/home/server/projects/lbm_twoflow/complex_8.23/lbm_mrt/data/geometry/case0006_gc/geometry_case0006.plt,0,20,20,0,0,0.1,60,1234567,30,0.0,0.0,8e-05,0.0,1,1
58,EXP0058,geom0006_gc_Sh0.19_Sw0.20,6,gc,0.193484,/home/server/projects/lbm_twoflow/complex_8.23/lbm_mrt/data/geometry/case0006_gc/geometry_case0006.plt,0,20,20,0,0,0.2,60,1234567,30,0.0,0.0,8e-05,0.0,1,1
59,EXP0059,geom0006_gc_Sh0.19_Sw0.30,6,gc,0.193484,/home/server/projects/lbm_twoflow/complex_8.23/lbm_mrt/data/geometry/case0006_gc/geometry_case0006.plt,0,20,20,0,0,0.3,60,1234567,30,0.0,0.0,8e-05,0.0,1,1
60,EXP0060,geom0006_gc_Sh0.19_Sw0.40,6,gc,0.193484,/home/server/projects/lbm_twoflow/complex_8.23/lbm_mrt/data/geometry/case0006_gc/geometry_case0006.plt,0,20,20,0,0,0.4,60,1234567,30,0.0,0.0,8e-05,0.0,1,1
61,EXP0061,geom0006_gc_Sh0.19_Sw0.50,6,gc,0.193484,/home/server/projects/lbm_twoflow/complex_8.23/lbm_mrt/data/geometry/case0006_gc/geometry_case0006.plt,0,20,20,0,0,0.5,60,1234567,30,0.0,0.0,8e-05,0.0,1,1
62,EXP0062,geom0006_gc_Sh0.19_Sw0.60,6,gc,0.193484,/home/server/projects/lbm_twoflow/complex_8.23/lbm_mrt/data/geometry/case0006_gc/geometry_case0006.plt,0,20,20,0,0,0.6,60,1234567,30,0.0,0.0,8e-05,0.0,1,1
63,EXP0063,geom0006_gc_Sh0.19_Sw0.70,6,gc,0.193484,/home/server/projects/lbm_twoflow/complex_8.23/lbm_mrt/data/geometry/case0006_gc/geometry_case0006.plt,0,20,20,0,0,0.7,60,1234567,30,0.0,0.0,8e-05,0.0,1,1
64,EXP0064,geom0006_gc_Sh0.19_Sw0.80,6,gc,0.193484,/home/server/projects/lbm_twoflow/complex_8.23/lbm_mrt/data/geometry/case0006_gc/geometry_case0006.plt,0,20,20,0,0,0.8,60,1234567,30,0.0,0.0,8e-05,0.0,1,1
65,EXP0065,geom0006_gc_Sh0.19_Sw0.90,6,gc,0.193484,/home/server/projects/lbm_twoflow/complex_8.23/lbm_mrt/data/geometry/case0006_gc/geometry_case0006.plt,0,20,20,0,0,0.9,60,1234567,30,0.0,0.0,8e-05,0.0,1,1
66,EXP0066,geom0006_gc_Sh0.19_Sw1.00,6,gc,0.193484,/home/server/projects/lbm_twoflow/complex_8.23/lbm_mrt/data/geometry/case0006_gc/geometry_case0006.plt,0,20,20,0,0,1.0,60,1234567,30,0.0,0.0,8e-05,0.0,1,1
67,EXP0067,geom0007_dp_Sh0.10_Sw0.00,7,dp,0.100004,/home/server/projects/lbm_twoflow/complex_8.23/lbm_mrt/data/geometry/case0007_dp/geometry_case0007.plt,0,20,20,0,0,0.0,60,1234567,30,0.0,0.0,8e-05,0.0,1,1
68,EXP0068,geom0007_dp_Sh0.10_Sw0.10,7,dp,0.100004,/home/server/projects/lbm_twoflow/complex_8.23/lbm_mrt/data/geometry/case0007_dp/geometry_case0007.plt,0,20,20,0,0,0.1,60,1234567,30,0.0,0.0,8e-05,0.0,1,1
69,EXP0069,geom0007_dp_Sh0.10_Sw0.20,7,dp,0.100004,/home/server/projects/lbm_twoflow/complex_8.23/lbm_mrt/data/geometry/case0007_dp/geometry_case0007.plt,0,20,20,0,0,0.2,60,1234567,30,0.0,0.0,8e-05,0.0,1,1
70,EXP0070,geom0007_dp_Sh0.10_Sw0.30,7,dp,0.100004,/home/server/projects/lbm_twoflow/complex_8.23/lbm_mrt/data/geometry/case0007_dp/geometry_case0007.plt,0,20,20,0,0,0.3,60,1234567,30,0.0,0.0,8e-05,0.0,1,1
71,EXP0071,geom0007_dp_Sh0.10_Sw0.40,7,dp,0.100004,/home/server/projects/lbm_twoflow/complex_8.23/lbm_mrt/data/geometry/case0007_dp/geometry_case0007.plt,0,20,20,0,0,0.4,60,1234567,30,0.0,0.0,8e-05,0.0,1,1
72,EXP0072,geom0007_dp_Sh0.10_Sw0.50,7,dp,0.100004,/home/server/projects/lbm_twoflow/complex_8.23/lbm_mrt/data/geometry/case0007_dp/geometry_case0007.plt,0,20,20,0,0,0.5,60,1234567,30,0.0,0.0,8e-05,0.0,1,1
73,EXP0073,geom0007_dp_Sh0.10_Sw0.60,7,dp,0.100004,/home/server/projects/lbm_twoflow/complex_8.23/lbm_mrt/data/geometry/case0007_dp/geometry_case0007.plt,0,20,20,0,0,0.6,60,1234567,30,0.0,0.0,8e-05,0.0,1,1
74,EXP0074,geom0007_dp_Sh0.10_Sw0.70,7,dp,0.100004,/home/server/projects/lbm_twoflow/complex_8.23/lbm_mrt/data/geometry/case0007_dp/geometry_case0007.plt,0,20,20,0,0,0.7,60,1234567,30,0.0,0.0,8e-05,0.0,1,1
75,EXP0075,geom0007_dp_Sh0.10_Sw0.80,7,dp,0.100004,/home/server/projects/lbm_twoflow/complex_8.23/lbm_mrt/data/geometry/case0007_dp/geometry_case0007.plt,0,20,20,0,0,0.8,60,1234567,30,0.0,0.0,8e-05,0.0,1,1
76,EXP0076,geom0007_dp_Sh0.10_Sw0.90,7,dp,0.100004,/home/server/projects/lbm_twoflow/complex_8.23/lbm_mrt/data/geometry/case0007_dp/geometry_case0007.plt,0,20,20,0,0,0.9,60,1234567,30,0.0,0.0,8e-05,0.0,1,1
77,EXP0077,geom0007_dp_Sh0.10_Sw1.00,7,dp,0.100004,/home/server/projects/lbm_twoflow/complex_8.23/lbm_mrt/data/geometry/case0007_dp/geometry_case0007.plt,0,20,20,0,0,1.0,60,1234567,30,0.0,0.0,8e-05,0.0,1,1
78,EXP0078,geom0008_dp_Sh0.15_Sw0.00,8,dp,0.150007,/home/server/projects/lbm_twoflow/complex_8.23/lbm_mrt/data/geometry/case0008_dp/geometry_case0008.plt,0,20,20,0,0,0.0,60,1234567,30,0.0,0.0,8e-05,0.0,1,1
79,EXP0079,geom0008_dp_Sh0.15_Sw0.10,8,dp,0.150007,/home/server/projects/lbm_twoflow/complex_8.23/lbm_mrt/data/geometry/case0008_dp/geometry_case0008.plt,0,20,20,0,0,0.1,60,1234567,30,0.0,0.0,8e-05,0.0,1,1
80,EXP0080,geom0008_dp_Sh0.15_Sw0.20,8,dp,0.150007,/home/server/projects/lbm_twoflow/complex_8.23/lbm_mrt/data/geometry/case0008_dp/geometry_case0008.plt,0,20,20,0,0,0.2,60,1234567,30,0.0,0.0,8e-05,0.0,1,1
81,EXP0081,geom0008_dp_Sh0.15_Sw0.30,8,dp,0.150007,/home/server/projects/lbm_twoflow/complex_8.23/lbm_mrt/data/geometry/case0008_dp/geometry_case0008.plt,0,20,20,0,0,0.3,60,1234567,30,0.0,0.0,8e-05,0.0,1,1
82,EXP0082,geom0008_dp_Sh0.15_Sw0.40,8,dp,0.150007,/home/server/projects/lbm_twoflow/complex_8.23/lbm_mrt/data/geometry/case0008_dp/geometry_case0008.plt,0,20,20,0,0,0.4,60,1234567,30,0.0,0.0,8e-05,0.0,1,1
83,EXP0083,geom0008_dp_Sh0.15_Sw0.50,8,dp,0.150007,/home/server/projects/lbm_twoflow/complex_8.23/lbm_mrt/data/geometry/case0008_dp/geometry_case0008.plt,0,20,20,0,0,0.5,60,1234567,30,0.0,0.0,8e-05,0.0,1,1
84,EXP0084,geom0008_dp_Sh0.15_Sw0.60,8,dp,0.150007,/home/server/projects/lbm_twoflow/complex_8.23/lbm_mrt/data/geometry/case0008_dp/geometry_case0008.plt,0,20,20,0,0,0.6,60,1234567,30,0.0,0.0,8e-05,0.0,1,1
85,EXP0085,geom0008_dp_Sh0.15_Sw0.70,8,dp,0.150007,/home/server/projects/lbm_twoflow/complex_8.23/lbm_mrt/data/geometry/case0008_dp/geometry_case0008.plt,0,20,20,0,0,0.7,60,1234567,30,0.0,0.0,8e-05,0.0,1,1
86,EXP0086,geom0008_dp_Sh0.15_Sw0.80,8,dp,0.150007,/home/server/projects/lbm_twoflow/complex_8.23/lbm_mrt/data/geometry/case0008_dp/geometry_case0008.plt,0,20,20,0,0,0.8,60,1234567,30,0.0,0.0,8e-05,0.0,1,1
87,EXP0087,geom0008_dp_Sh0.15_Sw0.90,8,dp,0.150007,/home/server/projects/lbm_twoflow/complex_8.23/lbm_mrt/data/geometry/case0008_dp/geometry_case0008.plt,0,20,20,0,0,0.9,60,1234567,30,0.0,0.0,8e-05,0.0,1,1
88,EXP0088,geom0008_dp_Sh0.15_Sw1.00,8,dp,0.150007,/home/server/projects/lbm_twoflow/complex_8.23/lbm_mrt/data/geometry/case0008_dp/geometry_case0008.plt,0,20,20,0,0,1.0,60,1234567,30,0.0,0.0,8e-05,0.0,1,1
89,EXP0089,geom0009_dp_Sh0.20_Sw0.00,9,dp,0.200009,/home/server/projects/lbm_twoflow/complex_8.23/lbm_mrt/data/geometry/case0009_dp/geometry_case0009.plt,0,20,20,0,0,0.0,60,1234567,30,0.0,0.0,8e-05,0.0,1,1
90,EXP0090,geom0009_dp_Sh0.20_Sw0.10,9,dp,0.200009,/home/server/projects/lbm_twoflow/complex_8.23/lbm_mrt/data/geometry/case0009_dp/geometry_case0009.plt,0,20,20,0,0,0.1,60,1234567,30,0.0,0.0,8e-05,0.0,1,1
91,EXP0091,geom0009_dp_Sh0.20_Sw0.20,9,dp,0.200009,/home/server/projects/lbm_twoflow/complex_8.23/lbm_mrt/data/geometry/case0009_dp/geometry_case0009.plt,0,20,20,0,0,0.2,60,1234567,30,0.0,0.0,8e-05,0.0,1,1
92,EXP0092,geom0009_dp_Sh0.20_Sw0.30,9,dp,0.200009,/home/server/projects/lbm_twoflow/complex_8.23/lbm_mrt/data/geometry/case0009_dp/geometry_case0009.plt,0,20,20,0,0,0.3,60,1234567,30,0.0,0.0,8e-05,0.0,1,1
93,EXP0093,geom0009_dp_Sh0.20_Sw0.40,9,dp,0.200009,/home/server/projects/lbm_twoflow/complex_8.23/lbm_mrt/data/geometry/case0009_dp/geometry_case0009.plt,0,20,20,0,0,0.4,60,1234567,30,0.0,0.0,8e-05,0.0,1,1
94,EXP0094,geom0009_dp_Sh0.20_Sw0.50,9,dp,0.200009,/home/server/projects/lbm_twoflow/complex_8.23/lbm_mrt/data/geometry/case0009_dp/geometry_case0009.plt,0,20,20,0,0,0.5,60,1234567,30,0.0,0.0,8e-05,0.0,1,1
95,EXP0095,geom0009_dp_Sh0.20_Sw0.60,9,dp,0.200009,/home/server/projects/lbm_twoflow/complex_8.23/lbm_mrt/data/geometry/case0009_dp/geometry_case0009.plt,0,20,20,0,0,0.6,60,1234567,30,0.0,0.0,8e-05,0.0,1,1
96,EXP0096,geom0009_dp_Sh0.20_Sw0.70,9,dp,0.200009,/home/server/projects/lbm_twoflow/complex_8.23/lbm_mrt/data/geometry/case0009_dp/geometry_case0009.plt,0,20,20,0,0,0.7,60,1234567,30,0.0,0.0,8e-05,0.0,1,1
97,EXP0097,geom0009_dp_Sh0.20_Sw0.80,9,dp,0.200009,/home/server/projects/lbm_twoflow/complex_8.23/lbm_mrt/data/geometry/case0009_dp/geometry_case0009.plt,0,20,20,0,0,0.8,60,1234567,30,0.0,0.0,8e-05,0.0,1,1
98,EXP0098,geom0009_dp_Sh0.20_Sw0.90,9,dp,0.200009,/home/server/projects/lbm_twoflow/complex_8.23/lbm_mrt/data/geometry/case0009_dp/geometry_case0009.plt,0,20,20,0,0,0.9,60,1234567,30,0.0,0.0,8e-05,0.0,1,1
99,EXP0099,geom0009_dp_Sh0.20_Sw1.00,9,dp,0.200009,/home/server/projects/lbm_twoflow/complex_8.23/lbm_mrt/data/geometry/case0009_dp/geometry_case0009.plt,0,20,20,0,0,1.0,60,1234567,30,0.0,0.0,8e-05,0.0,1,1
100,EXP0100,geom0000_clean_Sh0.00_Sw0.00,0,clean,0.0,/home/server/projects/lbm_twoflow/complex_8.23/lbm_mrt/data/geometry/case0000_clean/geometry_case0000.plt,0,20,20,0,0,0.0,60,1234567,30,0.0,0.0,8e-05,0.0,1,1
101,EXP0101,geom0000_clean_Sh0.00_Sw0.10,0,clean,0.0,/home/server/projects/lbm_twoflow/complex_8.23/lbm_mrt/data/geometry/case0000_clean/geometry_case0000.plt,0,20,20,0,0,0.1,60,1234567,30,0.0,0.0,8e-05,0.0,1,1
102,EXP0102,geom0000_clean_Sh0.00_Sw0.20,0,clean,0.0,/home/server/projects/lbm_twoflow/complex_8.23/lbm_mrt/data/geometry/case0000_clean/geometry_case0000.plt,0,20,20,0,0,0.2,60,1234567,30,0.0,0.0,8e-05,0.0,1,1
103,EXP0103,geom0000_clean_Sh0.00_Sw0.30,0,clean,0.0,/home/server/projects/lbm_twoflow/complex_8.23/lbm_mrt/data/geometry/case0000_clean/geometry_case0000.plt,0,20,20,0,0,0.3,60,1234567,30,0.0,0.0,8e-05,0.0,1,1
104,EXP0104,geom0000_clean_Sh0.00_Sw0.40,0,clean,0.0,/home/server/projects/lbm_twoflow/complex_8.23/lbm_mrt/data/geometry/case0000_clean/geometry_case0000.plt,0,20,20,0,0,0.4,60,1234567,30,0.0,0.0,8e-05,0.0,1,1
105,EXP0105,geom0000_clean_Sh0.00_Sw0.50,0,clean,0.0,/home/server/projects/lbm_twoflow/complex_8.23/lbm_mrt/data/geometry/case0000_clean/geometry_case0000.plt,0,20,20,0,0,0.5,60,1234567,30,0.0,0.0,8e-05,0.0,1,1
106,EXP0106,geom0000_clean_Sh0.00_Sw0.60,0,clean,0.0,/home/server/projects/lbm_twoflow/complex_8.23/lbm_mrt/data/geometry/case0000_clean/geometry_case0000.plt,0,20,20,0,0,0.6,60,1234567,30,0.0,0.0,8e-05,0.0,1,1
107,EXP0107,geom0000_clean_Sh0.00_Sw0.70,0,clean,0.0,/home/server/projects/lbm_twoflow/complex_8.23/lbm_mrt/data/geometry/case0000_clean/geometry_case0000.plt,0,20,20,0,0,0.7,60,1234567,30,0.0,0.0,8e-05,0.0,1,1
108,EXP0108,geom0000_clean_Sh0.00_Sw0.80,0,clean,0.0,/home/server/projects/lbm_twoflow/complex_8.23/lbm_mrt/data/geometry/case0000_clean/geometry_case0000.plt,0,20,20,0,0,0.8,60,1234567,30,0.0,0.0,8e-05,0.0,1,1
109,EXP0109,geom0000_clean_Sh0.00_Sw0.90,0,clean,0.0,/home/server/projects/lbm_twoflow/complex_8.23/lbm_mrt/data/geometry/case0000_clean/geometry_case0000.plt,0,20,20,0,0,0.9,60,1234567,30,0.0,0.0,8e-05,0.0,1,1
110,EXP0110,geom0000_clean_Sh0.00_Sw1.00,0,clean,0.0,/home/server/projects/lbm_twoflow/complex_8.23/lbm_mrt/data/geometry/case0000_clean/geometry_case0000.plt,0,20,20,0,0,1.0,60,1234567,30,0.0,0.0,8e-05,0.0,1,1
