case_name,geom_file,Gx,tau_huang,thetaA_quartz_deg,thetaA_hydrate_deg,OUTPUT_EVERY,file_dir,hs_case_tag,hs_mode,hs_target_Sh
cgan_00000_Gx1e-05,/home/server/projects/lbm_twoflow/complex-porous-media/hydrate_structure/data/cases/hydrate_ct_cgan_lbm_match_optimized/cgan_00000/geometry_case.plt,1.00000000e-05,1.5,30,30,5000,/home/server/projects/lbm_twoflow/complex-porous-media/hydrate_structure/results/20260526/cgan_00000_Gx1e-05,cgan_00000,cgan,-1.0
cgan_00000_Gx5e-05,/home/server/projects/lbm_twoflow/complex-porous-media/hydrate_structure/data/cases/hydrate_ct_cgan_lbm_match_optimized/cgan_00000/geometry_case.plt,5.00000000e-05,1.5,30,30,5000,/home/server/projects/lbm_twoflow/complex-porous-media/hydrate_structure/results/20260526/cgan_00000_Gx5e-05,cgan_00000,cgan,-1.0
cgan_00001_Gx1e-05,/home/server/projects/lbm_twoflow/complex-porous-media/hydrate_structure/data/cases/hydrate_ct_cgan_lbm_match_optimized/cgan_00001/geometry_case.plt,1.00000000e-05,1.5,30,30,5000,/home/server/projects/lbm_twoflow/complex-porous-media/hydrate_structure/results/20260526/cgan_00001_Gx1e-05,cgan_00001,cgan,-1.0
cgan_00001_Gx5e-05,/home/server/projects/lbm_twoflow/complex-porous-media/hydrate_structure/data/cases/hydrate_ct_cgan_lbm_match_optimized/cgan_00001/geometry_case.plt,5.00000000e-05,1.5,30,30,5000,/home/server/projects/lbm_twoflow/complex-porous-media/hydrate_structure/results/20260526/cgan_00001_Gx5e-05,cgan_00001,cgan,-1.0
cgan_00002_Gx1e-05,/home/server/projects/lbm_twoflow/complex-porous-media/hydrate_structure/data/cases/hydrate_ct_cgan_lbm_match_optimized/cgan_00002/geometry_case.plt,1.00000000e-05,1.5,30,30,5000,/home/server/projects/lbm_twoflow/complex-porous-media/hydrate_structure/results/20260526/cgan_00002_Gx1e-05,cgan_00002,cgan,-1.0
cgan_00002_Gx5e-05,/home/server/projects/lbm_twoflow/complex-porous-media/hydrate_structure/data/cases/hydrate_ct_cgan_lbm_match_optimized/cgan_00002/geometry_case.plt,5.00000000e-05,1.5,30,30,5000,/home/server/projects/lbm_twoflow/complex-porous-media/hydrate_structure/results/20260526/cgan_00002_Gx5e-05,cgan_00002,cgan,-1.0
cgan_00003_Gx1e-05,/home/server/projects/lbm_twoflow/complex-porous-media/hydrate_structure/data/cases/hydrate_ct_cgan_lbm_match_optimized/cgan_00003/geometry_case.plt,1.00000000e-05,1.5,30,30,5000,/home/server/projects/lbm_twoflow/complex-porous-media/hydrate_structure/results/20260526/cgan_00003_Gx1e-05,cgan_00003,cgan,-1.0
cgan_00003_Gx5e-05,/home/server/projects/lbm_twoflow/complex-porous-media/hydrate_structure/data/cases/hydrate_ct_cgan_lbm_match_optimized/cgan_00003/geometry_case.plt,5.00000000e-05,1.5,30,30,5000,/home/server/projects/lbm_twoflow/complex-porous-media/hydrate_structure/results/20260526/cgan_00003_Gx5e-05,cgan_00003,cgan,-1.0
cgan_00004_Gx1e-05,/home/server/projects/lbm_twoflow/complex-porous-media/hydrate_structure/data/cases/hydrate_ct_cgan_lbm_match_optimized/cgan_00004/geometry_case.plt,1.00000000e-05,1.5,30,30,5000,/home/server/projects/lbm_twoflow/complex-porous-media/hydrate_structure/results/20260526/cgan_00004_Gx1e-05,cgan_00004,cgan,-1.0
cgan_00004_Gx5e-05,/home/server/projects/lbm_twoflow/complex-porous-media/hydrate_structure/data/cases/hydrate_ct_cgan_lbm_match_optimized/cgan_00004/geometry_case.plt,5.00000000e-05,1.5,30,30,5000,/home/server/projects/lbm_twoflow/complex-porous-media/hydrate_structure/results/20260526/cgan_00004_Gx5e-05,cgan_00004,cgan,-1.0
cgan_00005_Gx1e-05,/home/server/projects/lbm_twoflow/complex-porous-media/hydrate_structure/data/cases/hydrate_ct_cgan_lbm_match_optimized/cgan_00005/geometry_case.plt,1.00000000e-05,1.5,30,30,5000,/home/server/projects/lbm_twoflow/complex-porous-media/hydrate_structure/results/20260526/cgan_00005_Gx1e-05,cgan_00005,cgan,-1.0
cgan_00005_Gx5e-05,/home/server/projects/lbm_twoflow/complex-porous-media/hydrate_structure/data/cases/hydrate_ct_cgan_lbm_match_optimized/cgan_00005/geometry_case.plt,5.00000000e-05,1.5,30,30,5000,/home/server/projects/lbm_twoflow/complex-porous-media/hydrate_structure/results/20260526/cgan_00005_Gx5e-05,cgan_00005,cgan,-1.0
cgan_00006_Gx1e-05,/home/server/projects/lbm_twoflow/complex-porous-media/hydrate_structure/data/cases/hydrate_ct_cgan_lbm_match_optimized/cgan_00006/geometry_case.plt,1.00000000e-05,1.5,30,30,5000,/home/server/projects/lbm_twoflow/complex-porous-media/hydrate_structure/results/20260526/cgan_00006_Gx1e-05,cgan_00006,cgan,-1.0
cgan_00006_Gx5e-05,/home/server/projects/lbm_twoflow/complex-porous-media/hydrate_structure/data/cases/hydrate_ct_cgan_lbm_match_optimized/cgan_00006/geometry_case.plt,5.00000000e-05,1.5,30,30,5000,/home/server/projects/lbm_twoflow/complex-porous-media/hydrate_structure/results/20260526/cgan_00006_Gx5e-05,cgan_00006,cgan,-1.0
cgan_00007_Gx1e-05,/home/server/projects/lbm_twoflow/complex-porous-media/hydrate_structure/data/cases/hydrate_ct_cgan_lbm_match_optimized/cgan_00007/geometry_case.plt,1.00000000e-05,1.5,30,30,5000,/home/server/projects/lbm_twoflow/complex-porous-media/hydrate_structure/results/20260526/cgan_00007_Gx1e-05,cgan_00007,cgan,-1.0
cgan_00007_Gx5e-05,/home/server/projects/lbm_twoflow/complex-porous-media/hydrate_structure/data/cases/hydrate_ct_cgan_lbm_match_optimized/cgan_00007/geometry_case.plt,5.00000000e-05,1.5,30,30,5000,/home/server/projects/lbm_twoflow/complex-porous-media/hydrate_structure/results/20260526/cgan_00007_Gx5e-05,cgan_00007,cgan,-1.0
cgan_00008_Gx1e-05,/home/server/projects/lbm_twoflow/complex-porous-media/hydrate_structure/data/cases/hydrate_ct_cgan_lbm_match_optimized/cgan_00008/geometry_case.plt,1.00000000e-05,1.5,30,30,5000,/home/server/projects/lbm_twoflow/complex-porous-media/hydrate_structure/results/20260526/cgan_00008_Gx1e-05,cgan_00008,cgan,-1.0
cgan_00008_Gx5e-05,/home/server/projects/lbm_twoflow/complex-porous-media/hydrate_structure/data/cases/hydrate_ct_cgan_lbm_match_optimized/cgan_00008/geometry_case.plt,5.00000000e-05,1.5,30,30,5000,/home/server/projects/lbm_twoflow/complex-porous-media/hydrate_structure/results/20260526/cgan_00008_Gx5e-05,cgan_00008,cgan,-1.0
cgan_00009_Gx1e-05,/home/server/projects/lbm_twoflow/complex-porous-media/hydrate_structure/data/cases/hydrate_ct_cgan_lbm_match_optimized/cgan_00009/geometry_case.plt,1.00000000e-05,1.5,30,30,5000,/home/server/projects/lbm_twoflow/complex-porous-media/hydrate_structure/results/20260526/cgan_00009_Gx1e-05,cgan_00009,cgan,-1.0
cgan_00009_Gx5e-05,/home/server/projects/lbm_twoflow/complex-porous-media/hydrate_structure/data/cases/hydrate_ct_cgan_lbm_match_optimized/cgan_00009/geometry_case.plt,5.00000000e-05,1.5,30,30,5000,/home/server/projects/lbm_twoflow/complex-porous-media/hydrate_structure/results/20260526/cgan_00009_Gx5e-05,cgan_00009,cgan,-1.0
cgan_00010_Gx1e-05,/home/server/projects/lbm_twoflow/complex-porous-media/hydrate_structure/data/cases/hydrate_ct_cgan_lbm_match_optimized/cgan_00010/geometry_case.plt,1.00000000e-05,1.5,30,30,5000,/home/server/projects/lbm_twoflow/complex-porous-media/hydrate_structure/results/20260526/cgan_00010_Gx1e-05,cgan_00010,cgan,-1.0
cgan_00010_Gx5e-05,/home/server/projects/lbm_twoflow/complex-porous-media/hydrate_structure/data/cases/hydrate_ct_cgan_lbm_match_optimized/cgan_00010/geometry_case.plt,5.00000000e-05,1.5,30,30,5000,/home/server/projects/lbm_twoflow/complex-porous-media/hydrate_structure/results/20260526/cgan_00010_Gx5e-05,cgan_00010,cgan,-1.0
cgan_00011_Gx1e-05,/home/server/projects/lbm_twoflow/complex-porous-media/hydrate_structure/data/cases/hydrate_ct_cgan_lbm_match_optimized/cgan_00011/geometry_case.plt,1.00000000e-05,1.5,30,30,5000,/home/server/projects/lbm_twoflow/complex-porous-media/hydrate_structure/results/20260526/cgan_00011_Gx1e-05,cgan_00011,cgan,-1.0
cgan_00011_Gx5e-05,/home/server/projects/lbm_twoflow/complex-porous-media/hydrate_structure/data/cases/hydrate_ct_cgan_lbm_match_optimized/cgan_00011/geometry_case.plt,5.00000000e-05,1.5,30,30,5000,/home/server/projects/lbm_twoflow/complex-porous-media/hydrate_structure/results/20260526/cgan_00011_Gx5e-05,cgan_00011,cgan,-1.0
cgan_00012_Gx1e-05,/home/server/projects/lbm_twoflow/complex-porous-media/hydrate_structure/data/cases/hydrate_ct_cgan_lbm_match_optimized/cgan_00012/geometry_case.plt,1.00000000e-05,1.5,30,30,5000,/home/server/projects/lbm_twoflow/complex-porous-media/hydrate_structure/results/20260526/cgan_00012_Gx1e-05,cgan_00012,cgan,-1.0
cgan_00012_Gx5e-05,/home/server/projects/lbm_twoflow/complex-porous-media/hydrate_structure/data/cases/hydrate_ct_cgan_lbm_match_optimized/cgan_00012/geometry_case.plt,5.00000000e-05,1.5,30,30,5000,/home/server/projects/lbm_twoflow/complex-porous-media/hydrate_structure/results/20260526/cgan_00012_Gx5e-05,cgan_00012,cgan,-1.0
cgan_00013_Gx1e-05,/home/server/projects/lbm_twoflow/complex-porous-media/hydrate_structure/data/cases/hydrate_ct_cgan_lbm_match_optimized/cgan_00013/geometry_case.plt,1.00000000e-05,1.5,30,30,5000,/home/server/projects/lbm_twoflow/complex-porous-media/hydrate_structure/results/20260526/cgan_00013_Gx1e-05,cgan_00013,cgan,-1.0
cgan_00013_Gx5e-05,/home/server/projects/lbm_twoflow/complex-porous-media/hydrate_structure/data/cases/hydrate_ct_cgan_lbm_match_optimized/cgan_00013/geometry_case.plt,5.00000000e-05,1.5,30,30,5000,/home/server/projects/lbm_twoflow/complex-porous-media/hydrate_structure/results/20260526/cgan_00013_Gx5e-05,cgan_00013,cgan,-1.0
cgan_00014_Gx1e-05,/home/server/projects/lbm_twoflow/complex-porous-media/hydrate_structure/data/cases/hydrate_ct_cgan_lbm_match_optimized/cgan_00014/geometry_case.plt,1.00000000e-05,1.5,30,30,5000,/home/server/projects/lbm_twoflow/complex-porous-media/hydrate_structure/results/20260526/cgan_00014_Gx1e-05,cgan_00014,cgan,-1.0
cgan_00014_Gx5e-05,/home/server/projects/lbm_twoflow/complex-porous-media/hydrate_structure/data/cases/hydrate_ct_cgan_lbm_match_optimized/cgan_00014/geometry_case.plt,5.00000000e-05,1.5,30,30,5000,/home/server/projects/lbm_twoflow/complex-porous-media/hydrate_structure/results/20260526/cgan_00014_Gx5e-05,cgan_00014,cgan,-1.0
cgan_00015_Gx1e-05,/home/server/projects/lbm_twoflow/complex-porous-media/hydrate_structure/data/cases/hydrate_ct_cgan_lbm_match_optimized/cgan_00015/geometry_case.plt,1.00000000e-05,1.5,30,30,5000,/home/server/projects/lbm_twoflow/complex-porous-media/hydrate_structure/results/20260526/cgan_00015_Gx1e-05,cgan_00015,cgan,-1.0
cgan_00015_Gx5e-05,/home/server/projects/lbm_twoflow/complex-porous-media/hydrate_structure/data/cases/hydrate_ct_cgan_lbm_match_optimized/cgan_00015/geometry_case.plt,5.00000000e-05,1.5,30,30,5000,/home/server/projects/lbm_twoflow/complex-porous-media/hydrate_structure/results/20260526/cgan_00015_Gx5e-05,cgan_00015,cgan,-1.0
cgan_00016_Gx1e-05,/home/server/projects/lbm_twoflow/complex-porous-media/hydrate_structure/data/cases/hydrate_ct_cgan_lbm_match_optimized/cgan_00016/geometry_case.plt,1.00000000e-05,1.5,30,30,5000,/home/server/projects/lbm_twoflow/complex-porous-media/hydrate_structure/results/20260526/cgan_00016_Gx1e-05,cgan_00016,cgan,-1.0
cgan_00016_Gx5e-05,/home/server/projects/lbm_twoflow/complex-porous-media/hydrate_structure/data/cases/hydrate_ct_cgan_lbm_match_optimized/cgan_00016/geometry_case.plt,5.00000000e-05,1.5,30,30,5000,/home/server/projects/lbm_twoflow/complex-porous-media/hydrate_structure/results/20260526/cgan_00016_Gx5e-05,cgan_00016,cgan,-1.0
cgan_00017_Gx1e-05,/home/server/projects/lbm_twoflow/complex-porous-media/hydrate_structure/data/cases/hydrate_ct_cgan_lbm_match_optimized/cgan_00017/geometry_case.plt,1.00000000e-05,1.5,30,30,5000,/home/server/projects/lbm_twoflow/complex-porous-media/hydrate_structure/results/20260526/cgan_00017_Gx1e-05,cgan_00017,cgan,-1.0
cgan_00017_Gx5e-05,/home/server/projects/lbm_twoflow/complex-porous-media/hydrate_structure/data/cases/hydrate_ct_cgan_lbm_match_optimized/cgan_00017/geometry_case.plt,5.00000000e-05,1.5,30,30,5000,/home/server/projects/lbm_twoflow/complex-porous-media/hydrate_structure/results/20260526/cgan_00017_Gx5e-05,cgan_00017,cgan,-1.0
cgan_00018_Gx1e-05,/home/server/projects/lbm_twoflow/complex-porous-media/hydrate_structure/data/cases/hydrate_ct_cgan_lbm_match_optimized/cgan_00018/geometry_case.plt,1.00000000e-05,1.5,30,30,5000,/home/server/projects/lbm_twoflow/complex-porous-media/hydrate_structure/results/20260526/cgan_00018_Gx1e-05,cgan_00018,cgan,-1.0
cgan_00018_Gx5e-05,/home/server/projects/lbm_twoflow/complex-porous-media/hydrate_structure/data/cases/hydrate_ct_cgan_lbm_match_optimized/cgan_00018/geometry_case.plt,5.00000000e-05,1.5,30,30,5000,/home/server/projects/lbm_twoflow/complex-porous-media/hydrate_structure/results/20260526/cgan_00018_Gx5e-05,cgan_00018,cgan,-1.0
cgan_00019_Gx1e-05,/home/server/projects/lbm_twoflow/complex-porous-media/hydrate_structure/data/cases/hydrate_ct_cgan_lbm_match_optimized/cgan_00019/geometry_case.plt,1.00000000e-05,1.5,30,30,5000,/home/server/projects/lbm_twoflow/complex-porous-media/hydrate_structure/results/20260526/cgan_00019_Gx1e-05,cgan_00019,cgan,-1.0
cgan_00019_Gx5e-05,/home/server/projects/lbm_twoflow/complex-porous-media/hydrate_structure/data/cases/hydrate_ct_cgan_lbm_match_optimized/cgan_00019/geometry_case.plt,5.00000000e-05,1.5,30,30,5000,/home/server/projects/lbm_twoflow/complex-porous-media/hydrate_structure/results/20260526/cgan_00019_Gx5e-05,cgan_00019,cgan,-1.0
cgan_00020_Gx1e-05,/home/server/projects/lbm_twoflow/complex-porous-media/hydrate_structure/data/cases/hydrate_ct_cgan_lbm_match_optimized/cgan_00020/geometry_case.plt,1.00000000e-05,1.5,30,30,5000,/home/server/projects/lbm_twoflow/complex-porous-media/hydrate_structure/results/20260526/cgan_00020_Gx1e-05,cgan_00020,cgan,-1.0
cgan_00020_Gx5e-05,/home/server/projects/lbm_twoflow/complex-porous-media/hydrate_structure/data/cases/hydrate_ct_cgan_lbm_match_optimized/cgan_00020/geometry_case.plt,5.00000000e-05,1.5,30,30,5000,/home/server/projects/lbm_twoflow/complex-porous-media/hydrate_structure/results/20260526/cgan_00020_Gx5e-05,cgan_00020,cgan,-1.0
cgan_00021_Gx1e-05,/home/server/projects/lbm_twoflow/complex-porous-media/hydrate_structure/data/cases/hydrate_ct_cgan_lbm_match_optimized/cgan_00021/geometry_case.plt,1.00000000e-05,1.5,30,30,5000,/home/server/projects/lbm_twoflow/complex-porous-media/hydrate_structure/results/20260526/cgan_00021_Gx1e-05,cgan_00021,cgan,-1.0
cgan_00021_Gx5e-05,/home/server/projects/lbm_twoflow/complex-porous-media/hydrate_structure/data/cases/hydrate_ct_cgan_lbm_match_optimized/cgan_00021/geometry_case.plt,5.00000000e-05,1.5,30,30,5000,/home/server/projects/lbm_twoflow/complex-porous-media/hydrate_structure/results/20260526/cgan_00021_Gx5e-05,cgan_00021,cgan,-1.0
cgan_00022_Gx1e-05,/home/server/projects/lbm_twoflow/complex-porous-media/hydrate_structure/data/cases/hydrate_ct_cgan_lbm_match_optimized/cgan_00022/geometry_case.plt,1.00000000e-05,1.5,30,30,5000,/home/server/projects/lbm_twoflow/complex-porous-media/hydrate_structure/results/20260526/cgan_00022_Gx1e-05,cgan_00022,cgan,-1.0
cgan_00022_Gx5e-05,/home/server/projects/lbm_twoflow/complex-porous-media/hydrate_structure/data/cases/hydrate_ct_cgan_lbm_match_optimized/cgan_00022/geometry_case.plt,5.00000000e-05,1.5,30,30,5000,/home/server/projects/lbm_twoflow/complex-porous-media/hydrate_structure/results/20260526/cgan_00022_Gx5e-05,cgan_00022,cgan,-1.0
cgan_00023_Gx1e-05,/home/server/projects/lbm_twoflow/complex-porous-media/hydrate_structure/data/cases/hydrate_ct_cgan_lbm_match_optimized/cgan_00023/geometry_case.plt,1.00000000e-05,1.5,30,30,5000,/home/server/projects/lbm_twoflow/complex-porous-media/hydrate_structure/results/20260526/cgan_00023_Gx1e-05,cgan_00023,cgan,-1.0
cgan_00023_Gx5e-05,/home/server/projects/lbm_twoflow/complex-porous-media/hydrate_structure/data/cases/hydrate_ct_cgan_lbm_match_optimized/cgan_00023/geometry_case.plt,5.00000000e-05,1.5,30,30,5000,/home/server/projects/lbm_twoflow/complex-porous-media/hydrate_structure/results/20260526/cgan_00023_Gx5e-05,cgan_00023,cgan,-1.0
cgan_00024_Gx1e-05,/home/server/projects/lbm_twoflow/complex-porous-media/hydrate_structure/data/cases/hydrate_ct_cgan_lbm_match_optimized/cgan_00024/geometry_case.plt,1.00000000e-05,1.5,30,30,5000,/home/server/projects/lbm_twoflow/complex-porous-media/hydrate_structure/results/20260526/cgan_00024_Gx1e-05,cgan_00024,cgan,-1.0
cgan_00024_Gx5e-05,/home/server/projects/lbm_twoflow/complex-porous-media/hydrate_structure/data/cases/hydrate_ct_cgan_lbm_match_optimized/cgan_00024/geometry_case.plt,5.00000000e-05,1.5,30,30,5000,/home/server/projects/lbm_twoflow/complex-porous-media/hydrate_structure/results/20260526/cgan_00024_Gx5e-05,cgan_00024,cgan,-1.0
cgan_00025_Gx1e-05,/home/server/projects/lbm_twoflow/complex-porous-media/hydrate_structure/data/cases/hydrate_ct_cgan_lbm_match_optimized/cgan_00025/geometry_case.plt,1.00000000e-05,1.5,30,30,5000,/home/server/projects/lbm_twoflow/complex-porous-media/hydrate_structure/results/20260526/cgan_00025_Gx1e-05,cgan_00025,cgan,-1.0
cgan_00025_Gx5e-05,/home/server/projects/lbm_twoflow/complex-porous-media/hydrate_structure/data/cases/hydrate_ct_cgan_lbm_match_optimized/cgan_00025/geometry_case.plt,5.00000000e-05,1.5,30,30,5000,/home/server/projects/lbm_twoflow/complex-porous-media/hydrate_structure/results/20260526/cgan_00025_Gx5e-05,cgan_00025,cgan,-1.0
cgan_00026_Gx1e-05,/home/server/projects/lbm_twoflow/complex-porous-media/hydrate_structure/data/cases/hydrate_ct_cgan_lbm_match_optimized/cgan_00026/geometry_case.plt,1.00000000e-05,1.5,30,30,5000,/home/server/projects/lbm_twoflow/complex-porous-media/hydrate_structure/results/20260526/cgan_00026_Gx1e-05,cgan_00026,cgan,-1.0
cgan_00026_Gx5e-05,/home/server/projects/lbm_twoflow/complex-porous-media/hydrate_structure/data/cases/hydrate_ct_cgan_lbm_match_optimized/cgan_00026/geometry_case.plt,5.00000000e-05,1.5,30,30,5000,/home/server/projects/lbm_twoflow/complex-porous-media/hydrate_structure/results/20260526/cgan_00026_Gx5e-05,cgan_00026,cgan,-1.0
cgan_00027_Gx1e-05,/home/server/projects/lbm_twoflow/complex-porous-media/hydrate_structure/data/cases/hydrate_ct_cgan_lbm_match_optimized/cgan_00027/geometry_case.plt,1.00000000e-05,1.5,30,30,5000,/home/server/projects/lbm_twoflow/complex-porous-media/hydrate_structure/results/20260526/cgan_00027_Gx1e-05,cgan_00027,cgan,-1.0
cgan_00027_Gx5e-05,/home/server/projects/lbm_twoflow/complex-porous-media/hydrate_structure/data/cases/hydrate_ct_cgan_lbm_match_optimized/cgan_00027/geometry_case.plt,5.00000000e-05,1.5,30,30,5000,/home/server/projects/lbm_twoflow/complex-porous-media/hydrate_structure/results/20260526/cgan_00027_Gx5e-05,cgan_00027,cgan,-1.0
cgan_00028_Gx1e-05,/home/server/projects/lbm_twoflow/complex-porous-media/hydrate_structure/data/cases/hydrate_ct_cgan_lbm_match_optimized/cgan_00028/geometry_case.plt,1.00000000e-05,1.5,30,30,5000,/home/server/projects/lbm_twoflow/complex-porous-media/hydrate_structure/results/20260526/cgan_00028_Gx1e-05,cgan_00028,cgan,-1.0
cgan_00028_Gx5e-05,/home/server/projects/lbm_twoflow/complex-porous-media/hydrate_structure/data/cases/hydrate_ct_cgan_lbm_match_optimized/cgan_00028/geometry_case.plt,5.00000000e-05,1.5,30,30,5000,/home/server/projects/lbm_twoflow/complex-porous-media/hydrate_structure/results/20260526/cgan_00028_Gx5e-05,cgan_00028,cgan,-1.0
cgan_00029_Gx1e-05,/home/server/projects/lbm_twoflow/complex-porous-media/hydrate_structure/data/cases/hydrate_ct_cgan_lbm_match_optimized/cgan_00029/geometry_case.plt,1.00000000e-05,1.5,30,30,5000,/home/server/projects/lbm_twoflow/complex-porous-media/hydrate_structure/results/20260526/cgan_00029_Gx1e-05,cgan_00029,cgan,-1.0
cgan_00029_Gx5e-05,/home/server/projects/lbm_twoflow/complex-porous-media/hydrate_structure/data/cases/hydrate_ct_cgan_lbm_match_optimized/cgan_00029/geometry_case.plt,5.00000000e-05,1.5,30,30,5000,/home/server/projects/lbm_twoflow/complex-porous-media/hydrate_structure/results/20260526/cgan_00029_Gx5e-05,cgan_00029,cgan,-1.0
cgan_00030_Gx1e-05,/home/server/projects/lbm_twoflow/complex-porous-media/hydrate_structure/data/cases/hydrate_ct_cgan_lbm_match_optimized/cgan_00030/geometry_case.plt,1.00000000e-05,1.5,30,30,5000,/home/server/projects/lbm_twoflow/complex-porous-media/hydrate_structure/results/20260526/cgan_00030_Gx1e-05,cgan_00030,cgan,-1.0
cgan_00030_Gx5e-05,/home/server/projects/lbm_twoflow/complex-porous-media/hydrate_structure/data/cases/hydrate_ct_cgan_lbm_match_optimized/cgan_00030/geometry_case.plt,5.00000000e-05,1.5,30,30,5000,/home/server/projects/lbm_twoflow/complex-porous-media/hydrate_structure/results/20260526/cgan_00030_Gx5e-05,cgan_00030,cgan,-1.0
cgan_00031_Gx1e-05,/home/server/projects/lbm_twoflow/complex-porous-media/hydrate_structure/data/cases/hydrate_ct_cgan_lbm_match_optimized/cgan_00031/geometry_case.plt,1.00000000e-05,1.5,30,30,5000,/home/server/projects/lbm_twoflow/complex-porous-media/hydrate_structure/results/20260526/cgan_00031_Gx1e-05,cgan_00031,cgan,-1.0
cgan_00031_Gx5e-05,/home/server/projects/lbm_twoflow/complex-porous-media/hydrate_structure/data/cases/hydrate_ct_cgan_lbm_match_optimized/cgan_00031/geometry_case.plt,5.00000000e-05,1.5,30,30,5000,/home/server/projects/lbm_twoflow/complex-porous-media/hydrate_structure/results/20260526/cgan_00031_Gx5e-05,cgan_00031,cgan,-1.0
cgan_00032_Gx1e-05,/home/server/projects/lbm_twoflow/complex-porous-media/hydrate_structure/data/cases/hydrate_ct_cgan_lbm_match_optimized/cgan_00032/geometry_case.plt,1.00000000e-05,1.5,30,30,5000,/home/server/projects/lbm_twoflow/complex-porous-media/hydrate_structure/results/20260526/cgan_00032_Gx1e-05,cgan_00032,cgan,-1.0
cgan_00032_Gx5e-05,/home/server/projects/lbm_twoflow/complex-porous-media/hydrate_structure/data/cases/hydrate_ct_cgan_lbm_match_optimized/cgan_00032/geometry_case.plt,5.00000000e-05,1.5,30,30,5000,/home/server/projects/lbm_twoflow/complex-porous-media/hydrate_structure/results/20260526/cgan_00032_Gx5e-05,cgan_00032,cgan,-1.0
cgan_00033_Gx1e-05,/home/server/projects/lbm_twoflow/complex-porous-media/hydrate_structure/data/cases/hydrate_ct_cgan_lbm_match_optimized/cgan_00033/geometry_case.plt,1.00000000e-05,1.5,30,30,5000,/home/server/projects/lbm_twoflow/complex-porous-media/hydrate_structure/results/20260526/cgan_00033_Gx1e-05,cgan_00033,cgan,-1.0
cgan_00033_Gx5e-05,/home/server/projects/lbm_twoflow/complex-porous-media/hydrate_structure/data/cases/hydrate_ct_cgan_lbm_match_optimized/cgan_00033/geometry_case.plt,5.00000000e-05,1.5,30,30,5000,/home/server/projects/lbm_twoflow/complex-porous-media/hydrate_structure/results/20260526/cgan_00033_Gx5e-05,cgan_00033,cgan,-1.0
cgan_00034_Gx1e-05,/home/server/projects/lbm_twoflow/complex-porous-media/hydrate_structure/data/cases/hydrate_ct_cgan_lbm_match_optimized/cgan_00034/geometry_case.plt,1.00000000e-05,1.5,30,30,5000,/home/server/projects/lbm_twoflow/complex-porous-media/hydrate_structure/results/20260526/cgan_00034_Gx1e-05,cgan_00034,cgan,-1.0
cgan_00034_Gx5e-05,/home/server/projects/lbm_twoflow/complex-porous-media/hydrate_structure/data/cases/hydrate_ct_cgan_lbm_match_optimized/cgan_00034/geometry_case.plt,5.00000000e-05,1.5,30,30,5000,/home/server/projects/lbm_twoflow/complex-porous-media/hydrate_structure/results/20260526/cgan_00034_Gx5e-05,cgan_00034,cgan,-1.0
cgan_00035_Gx1e-05,/home/server/projects/lbm_twoflow/complex-porous-media/hydrate_structure/data/cases/hydrate_ct_cgan_lbm_match_optimized/cgan_00035/geometry_case.plt,1.00000000e-05,1.5,30,30,5000,/home/server/projects/lbm_twoflow/complex-porous-media/hydrate_structure/results/20260526/cgan_00035_Gx1e-05,cgan_00035,cgan,-1.0
cgan_00035_Gx5e-05,/home/server/projects/lbm_twoflow/complex-porous-media/hydrate_structure/data/cases/hydrate_ct_cgan_lbm_match_optimized/cgan_00035/geometry_case.plt,5.00000000e-05,1.5,30,30,5000,/home/server/projects/lbm_twoflow/complex-porous-media/hydrate_structure/results/20260526/cgan_00035_Gx5e-05,cgan_00035,cgan,-1.0
cgan_00036_Gx1e-05,/home/server/projects/lbm_twoflow/complex-porous-media/hydrate_structure/data/cases/hydrate_ct_cgan_lbm_match_optimized/cgan_00036/geometry_case.plt,1.00000000e-05,1.5,30,30,5000,/home/server/projects/lbm_twoflow/complex-porous-media/hydrate_structure/results/20260526/cgan_00036_Gx1e-05,cgan_00036,cgan,-1.0
cgan_00036_Gx5e-05,/home/server/projects/lbm_twoflow/complex-porous-media/hydrate_structure/data/cases/hydrate_ct_cgan_lbm_match_optimized/cgan_00036/geometry_case.plt,5.00000000e-05,1.5,30,30,5000,/home/server/projects/lbm_twoflow/complex-porous-media/hydrate_structure/results/20260526/cgan_00036_Gx5e-05,cgan_00036,cgan,-1.0
cgan_00037_Gx1e-05,/home/server/projects/lbm_twoflow/complex-porous-media/hydrate_structure/data/cases/hydrate_ct_cgan_lbm_match_optimized/cgan_00037/geometry_case.plt,1.00000000e-05,1.5,30,30,5000,/home/server/projects/lbm_twoflow/complex-porous-media/hydrate_structure/results/20260526/cgan_00037_Gx1e-05,cgan_00037,cgan,-1.0
cgan_00037_Gx5e-05,/home/server/projects/lbm_twoflow/complex-porous-media/hydrate_structure/data/cases/hydrate_ct_cgan_lbm_match_optimized/cgan_00037/geometry_case.plt,5.00000000e-05,1.5,30,30,5000,/home/server/projects/lbm_twoflow/complex-porous-media/hydrate_structure/results/20260526/cgan_00037_Gx5e-05,cgan_00037,cgan,-1.0
cgan_00038_Gx1e-05,/home/server/projects/lbm_twoflow/complex-porous-media/hydrate_structure/data/cases/hydrate_ct_cgan_lbm_match_optimized/cgan_00038/geometry_case.plt,1.00000000e-05,1.5,30,30,5000,/home/server/projects/lbm_twoflow/complex-porous-media/hydrate_structure/results/20260526/cgan_00038_Gx1e-05,cgan_00038,cgan,-1.0
cgan_00038_Gx5e-05,/home/server/projects/lbm_twoflow/complex-porous-media/hydrate_structure/data/cases/hydrate_ct_cgan_lbm_match_optimized/cgan_00038/geometry_case.plt,5.00000000e-05,1.5,30,30,5000,/home/server/projects/lbm_twoflow/complex-porous-media/hydrate_structure/results/20260526/cgan_00038_Gx5e-05,cgan_00038,cgan,-1.0
cgan_00039_Gx1e-05,/home/server/projects/lbm_twoflow/complex-porous-media/hydrate_structure/data/cases/hydrate_ct_cgan_lbm_match_optimized/cgan_00039/geometry_case.plt,1.00000000e-05,1.5,30,30,5000,/home/server/projects/lbm_twoflow/complex-porous-media/hydrate_structure/results/20260526/cgan_00039_Gx1e-05,cgan_00039,cgan,-1.0
cgan_00039_Gx5e-05,/home/server/projects/lbm_twoflow/complex-porous-media/hydrate_structure/data/cases/hydrate_ct_cgan_lbm_match_optimized/cgan_00039/geometry_case.plt,5.00000000e-05,1.5,30,30,5000,/home/server/projects/lbm_twoflow/complex-porous-media/hydrate_structure/results/20260526/cgan_00039_Gx5e-05,cgan_00039,cgan,-1.0
cgan_00040_Gx1e-05,/home/server/projects/lbm_twoflow/complex-porous-media/hydrate_structure/data/cases/hydrate_ct_cgan_lbm_match_optimized/cgan_00040/geometry_case.plt,1.00000000e-05,1.5,30,30,5000,/home/server/projects/lbm_twoflow/complex-porous-media/hydrate_structure/results/20260526/cgan_00040_Gx1e-05,cgan_00040,cgan,-1.0
cgan_00040_Gx5e-05,/home/server/projects/lbm_twoflow/complex-porous-media/hydrate_structure/data/cases/hydrate_ct_cgan_lbm_match_optimized/cgan_00040/geometry_case.plt,5.00000000e-05,1.5,30,30,5000,/home/server/projects/lbm_twoflow/complex-porous-media/hydrate_structure/results/20260526/cgan_00040_Gx5e-05,cgan_00040,cgan,-1.0
cgan_00041_Gx1e-05,/home/server/projects/lbm_twoflow/complex-porous-media/hydrate_structure/data/cases/hydrate_ct_cgan_lbm_match_optimized/cgan_00041/geometry_case.plt,1.00000000e-05,1.5,30,30,5000,/home/server/projects/lbm_twoflow/complex-porous-media/hydrate_structure/results/20260526/cgan_00041_Gx1e-05,cgan_00041,cgan,-1.0
cgan_00041_Gx5e-05,/home/server/projects/lbm_twoflow/complex-porous-media/hydrate_structure/data/cases/hydrate_ct_cgan_lbm_match_optimized/cgan_00041/geometry_case.plt,5.00000000e-05,1.5,30,30,5000,/home/server/projects/lbm_twoflow/complex-porous-media/hydrate_structure/results/20260526/cgan_00041_Gx5e-05,cgan_00041,cgan,-1.0
cgan_00042_Gx1e-05,/home/server/projects/lbm_twoflow/complex-porous-media/hydrate_structure/data/cases/hydrate_ct_cgan_lbm_match_optimized/cgan_00042/geometry_case.plt,1.00000000e-05,1.5,30,30,5000,/home/server/projects/lbm_twoflow/complex-porous-media/hydrate_structure/results/20260526/cgan_00042_Gx1e-05,cgan_00042,cgan,-1.0
cgan_00042_Gx5e-05,/home/server/projects/lbm_twoflow/complex-porous-media/hydrate_structure/data/cases/hydrate_ct_cgan_lbm_match_optimized/cgan_00042/geometry_case.plt,5.00000000e-05,1.5,30,30,5000,/home/server/projects/lbm_twoflow/complex-porous-media/hydrate_structure/results/20260526/cgan_00042_Gx5e-05,cgan_00042,cgan,-1.0
cgan_00043_Gx1e-05,/home/server/projects/lbm_twoflow/complex-porous-media/hydrate_structure/data/cases/hydrate_ct_cgan_lbm_match_optimized/cgan_00043/geometry_case.plt,1.00000000e-05,1.5,30,30,5000,/home/server/projects/lbm_twoflow/complex-porous-media/hydrate_structure/results/20260526/cgan_00043_Gx1e-05,cgan_00043,cgan,-1.0
cgan_00043_Gx5e-05,/home/server/projects/lbm_twoflow/complex-porous-media/hydrate_structure/data/cases/hydrate_ct_cgan_lbm_match_optimized/cgan_00043/geometry_case.plt,5.00000000e-05,1.5,30,30,5000,/home/server/projects/lbm_twoflow/complex-porous-media/hydrate_structure/results/20260526/cgan_00043_Gx5e-05,cgan_00043,cgan,-1.0
cgan_00044_Gx1e-05,/home/server/projects/lbm_twoflow/complex-porous-media/hydrate_structure/data/cases/hydrate_ct_cgan_lbm_match_optimized/cgan_00044/geometry_case.plt,1.00000000e-05,1.5,30,30,5000,/home/server/projects/lbm_twoflow/complex-porous-media/hydrate_structure/results/20260526/cgan_00044_Gx1e-05,cgan_00044,cgan,-1.0
cgan_00044_Gx5e-05,/home/server/projects/lbm_twoflow/complex-porous-media/hydrate_structure/data/cases/hydrate_ct_cgan_lbm_match_optimized/cgan_00044/geometry_case.plt,5.00000000e-05,1.5,30,30,5000,/home/server/projects/lbm_twoflow/complex-porous-media/hydrate_structure/results/20260526/cgan_00044_Gx5e-05,cgan_00044,cgan,-1.0
cgan_00045_Gx1e-05,/home/server/projects/lbm_twoflow/complex-porous-media/hydrate_structure/data/cases/hydrate_ct_cgan_lbm_match_optimized/cgan_00045/geometry_case.plt,1.00000000e-05,1.5,30,30,5000,/home/server/projects/lbm_twoflow/complex-porous-media/hydrate_structure/results/20260526/cgan_00045_Gx1e-05,cgan_00045,cgan,-1.0
cgan_00045_Gx5e-05,/home/server/projects/lbm_twoflow/complex-porous-media/hydrate_structure/data/cases/hydrate_ct_cgan_lbm_match_optimized/cgan_00045/geometry_case.plt,5.00000000e-05,1.5,30,30,5000,/home/server/projects/lbm_twoflow/complex-porous-media/hydrate_structure/results/20260526/cgan_00045_Gx5e-05,cgan_00045,cgan,-1.0
cgan_00046_Gx1e-05,/home/server/projects/lbm_twoflow/complex-porous-media/hydrate_structure/data/cases/hydrate_ct_cgan_lbm_match_optimized/cgan_00046/geometry_case.plt,1.00000000e-05,1.5,30,30,5000,/home/server/projects/lbm_twoflow/complex-porous-media/hydrate_structure/results/20260526/cgan_00046_Gx1e-05,cgan_00046,cgan,-1.0
cgan_00046_Gx5e-05,/home/server/projects/lbm_twoflow/complex-porous-media/hydrate_structure/data/cases/hydrate_ct_cgan_lbm_match_optimized/cgan_00046/geometry_case.plt,5.00000000e-05,1.5,30,30,5000,/home/server/projects/lbm_twoflow/complex-porous-media/hydrate_structure/results/20260526/cgan_00046_Gx5e-05,cgan_00046,cgan,-1.0
cgan_00047_Gx1e-05,/home/server/projects/lbm_twoflow/complex-porous-media/hydrate_structure/data/cases/hydrate_ct_cgan_lbm_match_optimized/cgan_00047/geometry_case.plt,1.00000000e-05,1.5,30,30,5000,/home/server/projects/lbm_twoflow/complex-porous-media/hydrate_structure/results/20260526/cgan_00047_Gx1e-05,cgan_00047,cgan,-1.0
cgan_00047_Gx5e-05,/home/server/projects/lbm_twoflow/complex-porous-media/hydrate_structure/data/cases/hydrate_ct_cgan_lbm_match_optimized/cgan_00047/geometry_case.plt,5.00000000e-05,1.5,30,30,5000,/home/server/projects/lbm_twoflow/complex-porous-media/hydrate_structure/results/20260526/cgan_00047_Gx5e-05,cgan_00047,cgan,-1.0
cgan_00048_Gx1e-05,/home/server/projects/lbm_twoflow/complex-porous-media/hydrate_structure/data/cases/hydrate_ct_cgan_lbm_match_optimized/cgan_00048/geometry_case.plt,1.00000000e-05,1.5,30,30,5000,/home/server/projects/lbm_twoflow/complex-porous-media/hydrate_structure/results/20260526/cgan_00048_Gx1e-05,cgan_00048,cgan,-1.0
cgan_00048_Gx5e-05,/home/server/projects/lbm_twoflow/complex-porous-media/hydrate_structure/data/cases/hydrate_ct_cgan_lbm_match_optimized/cgan_00048/geometry_case.plt,5.00000000e-05,1.5,30,30,5000,/home/server/projects/lbm_twoflow/complex-porous-media/hydrate_structure/results/20260526/cgan_00048_Gx5e-05,cgan_00048,cgan,-1.0
cgan_00049_Gx1e-05,/home/server/projects/lbm_twoflow/complex-porous-media/hydrate_structure/data/cases/hydrate_ct_cgan_lbm_match_optimized/cgan_00049/geometry_case.plt,1.00000000e-05,1.5,30,30,5000,/home/server/projects/lbm_twoflow/complex-porous-media/hydrate_structure/results/20260526/cgan_00049_Gx1e-05,cgan_00049,cgan,-1.0
cgan_00049_Gx5e-05,/home/server/projects/lbm_twoflow/complex-porous-media/hydrate_structure/data/cases/hydrate_ct_cgan_lbm_match_optimized/cgan_00049/geometry_case.plt,5.00000000e-05,1.5,30,30,5000,/home/server/projects/lbm_twoflow/complex-porous-media/hydrate_structure/results/20260526/cgan_00049_Gx5e-05,cgan_00049,cgan,-1.0
